id	model	n_snps	beta	se	pvalue
IEUA1108	5_cis_pqtls	2	-0.055156	0.346553	0.8735
IEUA1108	2_cis_pqtls	2	-0.055156	0.346553	0.8735
IEUA1109	5_cis_pqtls	2	-0.130605	0.684079	0.8486
IEUA1109	2_cis_pqtls	2	-0.130605	0.684079	0.8486
IEUA1110	5_cis_pqtls	2	-0.124937	0.738604	0.8657
IEUA1110	2_cis_pqtls	2	-0.124937	0.738604	0.8657
IEUA1111	5_cis_pqtls	2	-0.559013	0.77312	0.4696
IEUA1111	2_cis_pqtls	2	-0.559013	0.77312	0.4696
UKBB14057	5_cis_pqtls	5	0.109951	0.108594	0.3113
PHS000930CAC	5_cis_pqtls	5	0.236	0.11	0.033
