id	model	n_snps	beta	se	pvalue
GCST011365	5_cis_pqtls	5	0.296574	0.144602	0.04027
GCST011365	2_cis_pqtls	2	0.283058	0.145052	0.05101
GCST005194	5_cis_pqtls	5	0.167031	0.107899	0.1216
GCST005194	2_cis_pqtls	2	0.152425	0.108288	0.1593
GCST90132314	5_cis_pqtls	5	0.175135	0.092614	0.05862
GCST90132314	2_cis_pqtls	2	0.169881	0.092893	0.06743
GCST006908	5_cis_pqtls	5	0.155054	0.189185	0.4125
GCST006908	2_cis_pqtls	2	0.117773	0.190137	0.5356
GCST90104540	5_cis_pqtls	5	0.07512	0.136156	0.5811
GCST90104540	2_cis_pqtls	2	0.106911	0.139464	0.4433
GCST006910	5_cis_pqtls	5	0.239568	0.371933	0.5195
GCST006910	2_cis_pqtls	2	0.112003	0.374372	0.7648
GCST90104541	5_cis_pqtls	5	0.118319	0.303589	0.6967
GCST90104541	2_cis_pqtls	2	0.045877	0.306064	0.8808
GCST90104542	5_cis_pqtls	5	0.536678	0.410454	0.191
GCST90104542	2_cis_pqtls	2	0.4109	0.414965	0.3221
GCST90104543	5_cis_pqtls	5	-0.308617	0.382486	0.4197
GCST90104543	2_cis_pqtls	2	-0.292079	0.384702	0.4477
GCST006867	5_cis_pqtls	3	0.121361	0.159708	0.4473
GCST006867	2_cis_pqtls	2	0.118804	0.160226	0.4584
GCST90132184	5_cis_pqtls	5	0.273916	0.117987	0.02026
GCST90132184	2_cis_pqtls	2	0.278366	0.118329	0.01865
UKBB200021065EUR	5_cis_pqtls	5	0.067431	0.108258	0.5334
UKBB200021065EUR	2_cis_pqtls	2	0.085149	0.108602	0.433
PHS000930AAC	5_cis_pqtls	5	-0.051391	0.273003	0.8507
PHS000930AAC	2_cis_pqtls	2	-0.047735	0.273474	0.8614
UKBB30780	5_cis_pqtls	5	-0.007846	0.043681	0.8575
UKBB30780	2_cis_pqtls	2	-0.005963	0.043823	0.8918
UKBB30760	5_cis_pqtls	5	-0.040448	0.042207	0.3379
UKBB30760	2_cis_pqtls	2	-0.044855	0.042345	0.2895
UKBB30870	5_cis_pqtls	5	0.05071	0.043041	0.2387
UKBB30870	2_cis_pqtls	2	0.050949	0.04318	0.238
UKBB30630	5_cis_pqtls	5	-0.050878	0.042932	0.236
UKBB30630	2_cis_pqtls	2	-0.052988	0.043071	0.2186
UKBB30640	5_cis_pqtls	5	0.047085	0.044022	0.2848
UKBB30640	2_cis_pqtls	2	0.049468	0.044165	0.2627
IEUA1108	5_cis_pqtls	2	-0.055156	0.346553	0.8735
IEUA1108	2_cis_pqtls	2	-0.055156	0.346553	0.8735
IEUA1109	5_cis_pqtls	2	-0.130605	0.684079	0.8486
IEUA1109	2_cis_pqtls	2	-0.130605	0.684079	0.8486
IEUA1110	5_cis_pqtls	2	-0.124937	0.738604	0.8657
IEUA1110	2_cis_pqtls	2	-0.124937	0.738604	0.8657
IEUA1111	5_cis_pqtls	2	-0.559013	0.77312	0.4696
IEUA1111	2_cis_pqtls	2	-0.559013	0.77312	0.4696
UKBB14057	5_cis_pqtls	5	0.109951	0.108594	0.3113
PHS000930CAC	5_cis_pqtls	5	0.236	0.11	0.033
