rsid	chr	pos	ea	oa	eaf	beta	se	pvalue	n
rs1513671	17	41807310	C	G	0.6391	-0.061144	0.007205	2.123e-17	33628
rs80107551	17	41808374	T	C	0.0837	-0.101804	0.012472	3.287e-16	33628
rs865429	17	41835215	A	G	0.8764	-0.058626	0.010651	3.711e-08	33628
